,City,Country,Lat,Lng,Max Temp,Humidity,Cloudiness,Wind Speed,Current Description
0,Port Lincoln,AU,-34.7333,135.8667,55.06,71,100,18.84,overcast clouds
1,Port Alfred,ZA,-33.5906,26.891,58.17,90,3,10.8,clear sky
2,Sainte-Maxime,FR,43.3,6.6333,59.0,69,21,15.52,few clouds
3,Rezekne,LV,56.5,27.3167,36.5,94,53,4.47,broken clouds
4,Hilo,US,19.7297,-155.09,81.1,68,75,11.5,broken clouds
5,Gizo,SB,-8.103,156.8419,83.52,72,100,6.38,overcast clouds
6,Cockburn Town,TC,21.4612,-71.1419,80.56,74,40,0.0,scattered clouds
7,Rikitea,PF,-23.1203,-134.9692,74.84,88,90,17.78,overcast clouds
8,Punta Arenas,CL,-53.15,-70.9167,60.91,39,75,10.36,broken clouds
9,Chuy,UY,-33.6971,-53.4616,67.12,95,100,12.91,moderate rain
10,Torbay,CA,47.6666,-52.7314,36.75,87,75,4.61,broken clouds
11,Hermanus,ZA,-34.4187,19.2345,53.8,85,10,6.38,clear sky
12,Cape Town,ZA,-33.9258,18.4232,63.12,74,0,9.22,clear sky
13,Kloulklubed,PW,7.0419,134.2556,75.7,78,100,13.89,overcast clouds
14,Husavik,IS,66.0449,-17.3389,41.68,99,100,10.33,overcast clouds
15,Ostrovnoy,RU,68.0531,39.5131,32.41,77,100,10.33,overcast clouds
16,Vallenar,CL,-28.5708,-70.7581,75.96,24,0,7.09,clear sky
17,Yenagoa,NG,4.9247,6.2642,75.94,92,53,4.9,broken clouds
18,Salalah,OM,17.0151,54.0924,78.89,73,0,4.61,clear sky
19,Fort-De-France,MQ,14.6089,-61.0733,80.55,83,20,9.22,few clouds
20,Bredasdorp,ZA,-34.5322,20.0403,57.99,85,0,1.25,clear sky
21,Hithadhoo,MV,-0.6,73.0833,80.28,79,100,13.94,overcast clouds
22,Sao Joao Da Barra,BR,-21.6403,-41.0511,78.89,89,96,14.63,overcast clouds
23,Swansea,GB,51.6208,-3.9432,58.15,89,99,10.0,overcast clouds
24,Chokurdakh,RU,70.6333,147.9167,-27.51,99,93,6.06,overcast clouds
25,Bambous Virieux,MU,-20.3428,57.7575,70.21,88,40,4.61,scattered clouds
26,Herat,AF,34.5,62.0,41.99,71,0,2.35,clear sky
27,Rocha,UY,-34.4833,-54.3333,66.78,96,100,9.73,light rain
28,Gat,IL,31.61,34.7642,72.39,60,0,2.59,clear sky
29,Albany,US,42.6001,-73.9662,43.39,70,47,12.03,scattered clouds
30,Kapaa,US,22.0752,-159.319,80.92,75,75,17.27,broken clouds
31,Bluff,NZ,-46.6,168.3333,58.8,71,19,5.03,few clouds
32,Thompson,CA,55.7435,-97.8558,15.96,79,40,4.61,scattered clouds
33,Qaanaaq,GL,77.484,-69.3632,1.87,96,100,5.5,overcast clouds
34,Butaritari,KI,3.0707,172.7902,79.95,75,100,13.94,overcast clouds
35,Mount Isa,AU,-20.7333,139.5,74.97,94,100,3.44,overcast clouds
36,Kutum,SD,14.2,24.6667,64.96,25,0,9.93,clear sky
37,Sitka,US,57.0531,-135.33,48.09,87,100,12.66,mist
38,Saskylakh,RU,71.9167,114.0833,-6.5,94,100,11.68,overcast clouds
39,Onega,RU,63.9061,38.1404,31.44,82,14,11.1,few clouds
40,Flinders,AU,-34.5833,150.8552,71.06,68,48,5.99,scattered clouds
41,Vaini,TO,-21.2,-175.2,75.2,89,100,23.55,light rain
42,Koraput,IN,18.8167,82.7167,58.23,88,0,3.09,clear sky
43,New Norfolk,AU,-42.7826,147.0587,54.91,90,100,1.45,moderate rain
44,Timbiras,BR,-4.2553,-43.9406,79.74,73,39,2.08,scattered clouds
45,Castro,BR,-24.7911,-50.0119,65.01,90,81,1.66,broken clouds
46,Champerico,GT,14.3,-91.9167,86.54,73,24,6.13,few clouds
47,Ushuaia,AR,-54.8,-68.3,60.46,39,20,13.8,few clouds
48,Lorengau,PG,-2.0226,147.2712,82.18,80,97,9.37,overcast clouds
49,Bubaque,GW,11.2833,-15.8333,83.12,63,12,10.0,few clouds
50,Dunedin,NZ,-45.8742,170.5036,52.81,80,100,7.0,overcast clouds
51,Saint-Philippe,RE,-21.3585,55.7679,71.19,87,92,11.43,light rain
52,Penzance,GB,50.1186,-5.5371,59.68,92,71,23.15,light rain
53,Aklavik,CA,68.2191,-135.0107,4.05,92,59,2.98,broken clouds
54,Faya,SA,18.3851,42.4509,59.11,65,1,2.95,clear sky
55,Kabanjahe,ID,3.1001,98.4908,62.87,96,100,2.19,overcast clouds
56,Fukue,JP,32.6881,128.8419,63.39,70,95,20.27,overcast clouds
57,Samarai,PG,-10.6167,150.6667,82.74,75,100,6.51,overcast clouds
58,Hay River,CA,60.8156,-115.7999,33.78,64,20,6.91,few clouds
59,Atuona,PF,-9.8,-139.0333,78.13,74,4,18.97,clear sky
60,Laguna,US,38.421,-121.4238,64.29,33,0,13.8,clear sky
61,Lompoc,US,34.6391,-120.4579,66.85,46,0,16.11,clear sky
62,Bandarbeyla,SO,9.4942,50.8122,78.26,70,7,14.94,clear sky
63,Adrar,MR,20.5022,-10.0711,74.48,13,9,10.54,clear sky
64,Pathein,MM,16.7833,94.7333,71.89,88,93,5.28,overcast clouds
65,Sosnogorsk,RU,63.6023,53.8817,14.74,94,100,11.05,light snow
66,Hamilton,US,39.1834,-84.5333,38.44,69,100,4.61,overcast clouds
67,Salzwedel,DE,52.85,11.15,45.01,87,61,9.42,broken clouds
68,Carnarvon,AU,-24.8667,113.6333,66.9,56,0,14.05,clear sky
69,Ribeira Grande,PT,38.5167,-28.7,65.77,77,40,17.27,scattered clouds
70,Tuktoyaktuk,CA,69.4541,-133.0374,17.6,93,100,8.05,overcast clouds
71,Kikwit,CD,-5.041,18.8162,70.02,97,59,2.01,broken clouds
72,Jamestown,US,42.097,-79.2353,34.72,78,100,9.22,light snow
73,Christchurch,NZ,-43.5333,172.6333,64.42,76,100,11.5,overcast clouds
74,Leningradskiy,RU,69.3833,178.4167,-12.59,98,93,5.48,overcast clouds
75,Mossendjo,CG,-2.9506,12.7261,69.98,99,100,2.51,light rain
76,Guerrero Negro,MX,27.9769,-114.0611,66.7,54,2,17.49,clear sky
77,Egvekinot,RU,66.3167,-179.1667,-2.85,84,29,2.77,scattered clouds
78,Araouane,ML,18.9048,-3.5265,80.46,16,98,9.95,overcast clouds
79,Mar Del Plata,AR,-38.0023,-57.5575,68.83,98,100,11.5,light intensity drizzle
80,Santa Cruz Del Norte,CU,23.1539,-81.9236,79.65,75,26,11.14,scattered clouds
81,Opuwo,NA,-18.0607,13.84,64.81,33,1,4.34,clear sky
82,Tasiilaq,GL,65.6145,-37.6368,41.16,65,100,41.47,light rain
83,Arraial Do Cabo,BR,-22.9661,-42.0278,76.96,78,0,12.66,clear sky
84,Nyurba,RU,63.2842,118.3319,-27.81,100,57,3.42,broken clouds
85,Rettikhovka,RU,44.1683,132.7669,21.34,91,33,2.84,scattered clouds
86,Barrow,US,71.2906,-156.7887,21.22,63,100,12.66,overcast clouds
87,Dikson,RU,73.5069,80.5464,-2.81,100,99,9.01,overcast clouds
88,Mao,ES,39.8885,4.2658,57.76,94,20,2.3,few clouds
89,Kachiry,KZ,53.0675,76.1036,32.34,63,100,17.25,overcast clouds
90,Fare,PF,-16.7,-151.0167,75.49,71,100,0.31,overcast clouds
91,Palmares Do Sul,BR,-30.2578,-50.5097,68.38,94,100,19.48,overcast clouds
92,Qui Nhon,VN,13.7667,109.2333,74.57,90,99,7.11,overcast clouds
93,Lebu,CL,-37.6167,-73.65,58.14,79,27,7.74,scattered clouds
94,East London,ZA,-33.0153,27.9116,62.44,78,3,10.16,clear sky
95,Lagoa,PT,39.05,-27.9833,63.32,80,100,24.11,overcast clouds
96,Nikolskoye,RU,59.7035,30.7861,37.78,80,94,4.43,overcast clouds
97,Puerto Ayora,EC,-0.7393,-90.3518,76.96,83,25,8.01,scattered clouds
98,Codrington,AU,-38.2667,141.9667,56.23,93,83,21.97,light rain
99,Mana,GF,5.6592,-53.7767,77.47,89,82,11.14,moderate rain
100,Hami,CN,42.8,93.45,32.77,46,6,4.29,clear sky
101,La Paz,BO,-16.5,-68.15,67.98,16,75,4.61,broken clouds
102,Necochea,AR,-38.5473,-58.7368,61.3,98,100,9.31,light rain
103,Nurota,UZ,40.5614,65.6886,42.12,41,20,18.88,few clouds
104,Sao Filipe,CV,14.8961,-24.4956,77.07,73,74,7.81,broken clouds
105,Secovce,SK,48.7007,21.661,46.89,86,7,2.06,clear sky
106,Nalbari,IN,26.4456,91.4354,66.18,89,0,6.26,clear sky
107,Kinkala,CG,-4.3614,14.7644,72.64,89,100,1.66,light rain
108,Sestri Levante,IT,44.2732,9.3968,57.06,69,100,5.75,overcast clouds
109,Avarua,CK,-21.2078,-159.775,77.05,57,20,11.5,few clouds
110,Ixtapa,MX,20.7,-105.2,80.22,73,40,10.36,scattered clouds
111,Tual,ID,-5.6667,132.75,83.79,73,89,10.16,overcast clouds
112,Tooele,US,40.5308,-112.2983,39.07,70,0,4.61,clear sky
113,Warrnambool,AU,-38.3833,142.4833,56.73,92,94,20.07,moderate rain
114,Vardo,NO,70.3705,31.1107,31.98,74,0,13.8,clear sky
115,Korla,CN,41.7597,86.1469,32.85,56,0,1.77,clear sky
116,Kavieng,PG,-2.5744,150.7967,85.14,67,99,13.6,overcast clouds
117,Alofi,NU,-19.0595,-169.9187,80.49,74,71,12.66,broken clouds
118,Busselton,AU,-33.65,115.3333,48.54,80,0,9.95,clear sky
119,Pouembout,NC,-21.1333,164.9,80.19,67,13,6.11,few clouds
120,Airai,TL,-8.9266,125.4092,62.6,84,100,1.32,overcast clouds
121,Georgetown,MY,5.4112,100.3354,80.24,95,20,2.3,few clouds
122,Abu Samrah,SY,35.3029,37.1841,60.91,49,0,4.68,clear sky
123,Jaggayyapeta,IN,16.9,80.1,70.45,87,48,4.05,scattered clouds
124,Arenillas,ES,41.3471,-2.8462,45.0,84,83,5.17,broken clouds
125,La Grande,US,45.3246,-118.0877,45.01,55,41,8.12,scattered clouds
126,Esperance,AU,-33.8667,121.9,56.39,70,100,8.75,overcast clouds
127,Cap Malheureux,MU,-19.9842,57.6142,70.47,71,0,3.0,clear sky
128,Phuket,TH,8.0,98.25,85.12,93,20,0.0,moderate rain
129,Ayan,RU,56.45,138.1667,21.79,55,5,5.79,clear sky
130,Takoradi,GH,4.8845,-1.7554,79.32,81,100,6.76,overcast clouds
131,Hualmay,PE,-11.0964,-77.6139,66.18,78,66,9.84,broken clouds
132,Rawlins,US,41.7911,-107.2387,33.69,47,0,9.22,clear sky
133,Provideniya,RU,64.3833,-173.3,14.36,52,0,4.47,clear sky
134,Lobau,DE,51.1,14.6667,48.45,93,3,7.29,clear sky
135,Yar-Sale,RU,66.8333,70.8333,-0.6,91,100,7.94,overcast clouds
136,Umuahia,NG,5.5263,7.4896,74.35,91,77,4.83,broken clouds
137,Hirara,JP,24.8,125.2833,76.05,78,100,22.3,overcast clouds
138,Teknaf,BD,20.8624,92.3058,68.7,79,0,6.13,clear sky
139,Shaoxing,CN,30.011,120.5715,55.35,66,100,4.12,overcast clouds
140,Port Elizabeth,ZA,-33.918,25.5701,61.09,82,0,9.22,clear sky
141,Mahebourg,MU,-20.4081,57.7,70.25,88,40,4.61,scattered clouds
142,Talnakh,RU,69.4865,88.3972,-23.46,82,79,4.29,broken clouds
143,Kangaatsiaq,GL,68.3065,-53.4641,21.09,96,99,8.86,overcast clouds
144,Bengkulu,ID,-3.8004,102.2655,74.23,94,100,2.08,light rain
145,Tygda,RU,53.1167,126.3333,14.11,97,95,3.8,overcast clouds
146,Sao Miguel Do Araguaia,BR,-13.275,-50.1628,83.07,53,47,5.66,scattered clouds
147,Norman Wells,CA,65.282,-126.8329,14.04,85,20,0.0,few clouds
148,Dingle,PH,10.9995,122.6711,75.88,94,58,7.36,broken clouds
149,Palmer,US,42.1584,-72.3287,48.24,63,75,18.41,broken clouds
150,Moron,AR,-34.6534,-58.6198,71.35,89,100,5.19,light rain
151,Beira,MZ,-19.8436,34.8389,80.69,78,0,5.79,clear sky
152,Pevek,RU,69.7008,170.3133,-17.57,98,71,4.72,broken clouds
153,Sirajganj,BD,24.45,89.7167,71.74,61,0,10.92,clear sky
154,College,US,64.8569,-147.8028,23.32,89,75,0.0,broken clouds
155,Sukhoy Log,RU,56.9094,62.0296,31.95,98,100,12.44,snow
156,Bethel,US,41.3712,-73.414,50.31,56,43,4.0,scattered clouds
157,Zhigansk,RU,66.7697,123.3711,-12.12,97,100,6.96,overcast clouds
158,Ponta Do Sol,PT,32.6667,-17.1,68.72,83,53,3.18,broken clouds
159,Katherine,AU,-14.4667,132.2667,77.32,88,69,0.0,broken clouds
160,Lufilufi,WS,-13.8745,-171.5986,87.58,79,90,12.06,overcast clouds
161,Mataura,NZ,-46.1927,168.8643,58.48,62,53,4.54,broken clouds
162,Lashio,MM,22.9333,97.75,55.49,98,1,1.92,clear sky
163,Xixiang,CN,35.1628,112.865,45.23,57,91,4.7,overcast clouds
164,Port Blair,IN,11.6667,92.75,77.65,86,77,8.72,broken clouds
165,Hobart,AU,-42.8794,147.3294,55.26,96,75,5.75,moderate rain
166,Lavumisa,SZ,-27.31,31.892,65.64,84,89,10.67,overcast clouds
167,Nemuro,JP,43.3236,145.575,42.19,70,85,35.37,overcast clouds
168,Yellowknife,CA,62.456,-114.3525,28.92,80,20,4.61,few clouds
169,Colares,PT,38.7992,-9.4469,65.75,100,40,13.0,scattered clouds
170,Poienile De Sub Munte,RO,47.8167,24.4333,42.67,74,2,2.95,clear sky
171,Sept-Iles,CA,50.2001,-66.3821,28.92,88,75,8.05,broken clouds
172,Chipiona,ES,36.7366,-6.437,64.31,94,20,0.0,few clouds
173,Richards Bay,ZA,-28.783,32.0377,69.12,84,89,15.14,light rain
174,Klaksvik,FO,62.2266,-6.589,50.92,97,87,13.6,overcast clouds
175,Coquimbo,CL,-29.9533,-71.3436,64.13,72,0,13.8,clear sky
176,Souillac,MU,-20.5167,57.5167,68.38,88,40,4.61,scattered clouds
177,Paamiut,GL,61.994,-49.6678,32.49,82,100,21.7,overcast clouds
178,Vostok,RU,46.4856,135.8833,10.65,96,25,4.47,scattered clouds
179,Longyearbyen,SJ,78.2186,15.6401,26.44,74,75,3.44,broken clouds
180,Kautokeino,NO,69.0125,23.0412,30.2,93,100,4.25,overcast clouds
181,Inhambane,MZ,-23.865,35.3833,76.62,87,99,3.24,moderate rain
182,Baghdad,IQ,33.3406,44.4009,60.71,77,0,5.75,clear sky
183,Anadyr,RU,64.75,177.4833,0.1,84,40,0.0,mist
184,Ponta Delgada,PT,37.7333,-25.6667,61.52,82,40,5.75,scattered clouds
185,Nhulunbuy,AU,-12.2333,136.7667,81.21,89,3,0.0,clear sky
186,Khatanga,RU,71.9667,102.5,-22.95,99,100,6.42,overcast clouds
187,Paramonga,PE,-10.6667,-77.8333,66.36,78,42,10.0,scattered clouds
188,Marmaris,TR,36.855,28.2742,65.1,46,3,5.55,clear sky
189,Shenjiamen,CN,29.9576,122.298,58.35,69,89,14.14,overcast clouds
190,Stornoway,GB,58.2093,-6.3865,57.16,81,92,9.22,overcast clouds
191,Nata,PA,8.3333,-80.5167,76.87,95,97,2.08,heavy intensity rain
192,Campana,AR,-34.1687,-58.9591,69.62,89,100,4.5,overcast clouds
193,Nanchang,CN,28.6833,115.8833,56.19,64,47,7.67,moderate rain
194,Rawatbhata,IN,24.9333,75.5833,66.42,42,0,4.12,clear sky
195,Kahului,US,20.8947,-156.47,84.22,64,20,15.01,few clouds
196,Murchison,NZ,-41.8,172.3333,67.64,64,85,1.88,overcast clouds
197,Victoria,HK,22.2855,114.1577,75.38,79,38,13.0,scattered clouds
198,Zbiroh,CZ,49.8602,13.7726,43.11,94,0,10.04,clear sky
199,Pervomayskoye,RU,43.919,46.7102,51.13,63,7,20.15,clear sky
200,Te Anau,NZ,-45.4167,167.7167,62.96,61,26,1.83,scattered clouds
201,Tam Ky,VN,15.5667,108.4833,74.61,91,91,4.36,overcast clouds
202,San Cristobal,VE,7.7669,-72.225,73.58,97,100,2.42,moderate rain
203,Rajshahi,BD,24.3667,88.6,63.95,53,0,7.07,clear sky
204,Pacific Grove,US,36.6177,-121.9166,61.02,60,0,6.91,clear sky
205,Challans,FR,46.8436,-1.8749,56.32,86,9,10.85,clear sky
206,Ust-Nera,RU,64.5667,143.2,-12.06,98,100,4.56,overcast clouds
207,Atambua,ID,-9.1061,124.8925,76.6,84,99,2.35,overcast clouds
208,Narsaq,GL,60.9167,-46.05,48.42,74,100,9.57,overcast clouds
209,Saint George,US,37.1041,-113.5841,51.44,47,75,4.0,broken clouds
210,Promyshlennaya,RU,54.9159,85.6385,32.95,93,100,16.93,light snow
211,San Quintin,MX,30.4833,-115.95,62.13,59,4,17.22,clear sky
212,Bilma,NE,18.6853,12.9164,69.17,22,0,7.94,clear sky
213,Pemba,MZ,-12.974,40.5178,77.7,94,75,11.5,broken clouds
214,Ust-Kuyga,RU,70.0167,135.6,-27.71,99,100,3.42,overcast clouds
215,Oum Hadjer,TD,13.2954,19.6966,79.61,22,1,10.87,clear sky
216,Fallon,US,39.4735,-118.7774,39.45,56,40,3.44,scattered clouds
217,Fairbanks,US,64.8378,-147.7164,23.34,89,0,0.0,clear sky
218,Saldanha,ZA,-33.0117,17.9442,57.25,84,15,12.48,few clouds
219,Kismayo,SO,-0.3582,42.5454,77.97,83,65,8.25,broken clouds
220,Cherskiy,RU,68.75,161.3,-9.49,89,100,2.89,overcast clouds
221,Suntar,RU,62.1444,117.6319,-28.12,99,7,1.81,clear sky
222,Nsoko,SZ,-27.0333,31.95,66.07,85,97,10.85,overcast clouds
223,Mendi,PG,-6.1761,143.6513,61.05,93,88,0.2,overcast clouds
224,Ambulu,ID,-8.345,113.6058,75.94,92,79,2.46,broken clouds
225,Yamada,JP,39.4667,141.95,46.06,66,30,10.02,scattered clouds
226,Sale,MA,34.0389,-6.8166,71.64,62,98,0.0,overcast clouds
227,Dhidhdhoo,MV,6.8833,73.1,81.52,69,98,7.76,overcast clouds
228,Tukrah,LY,32.5341,20.5791,64.83,61,0,4.14,clear sky
229,Nanortalik,GL,60.1432,-45.2371,34.59,81,80,8.3,broken clouds
230,Ouegoa,NC,-20.35,164.4333,79.16,73,43,5.41,scattered clouds
231,Le Port,RE,-20.9373,55.2919,71.6,80,42,3.76,light rain
232,Yaan,NG,7.3833,8.5667,78.53,37,48,1.03,scattered clouds
233,Bhitarwar,IN,25.8,78.1167,65.57,47,1,3.27,clear sky
234,Susanville,US,40.4163,-120.653,42.8,61,0,1.01,clear sky
235,Hofn,IS,64.2539,-15.2082,46.56,96,100,20.54,light rain
236,Malakal,SS,9.5334,31.6605,76.48,26,12,5.53,few clouds
237,Havelock,US,34.8791,-76.9013,60.76,69,0,9.22,clear sky
238,Mogadishu,SO,2.0371,45.3438,79.05,80,52,8.66,broken clouds
239,Zyryanka,RU,65.75,150.85,-28.59,97,31,6.71,scattered clouds
240,Skagen,DK,57.7209,10.5839,54.77,82,100,9.93,overcast clouds
241,Birjand,IR,32.8663,59.2211,36.07,69,0,9.22,clear sky
242,Tramore,IE,52.1624,-7.1524,52.18,84,100,3.0,overcast clouds
243,Beloha,MG,-25.1667,45.05,71.22,80,1,12.28,clear sky
244,Antibes,FR,43.5624,7.1278,63.88,73,75,24.16,broken clouds
245,Zeya,RU,53.75,127.2667,12.54,96,98,2.48,overcast clouds
246,Vestnes,NO,62.6264,7.0884,55.92,87,75,5.75,broken clouds
247,Tuy Hoa,VN,13.0833,109.3,73.98,92,61,4.47,broken clouds
248,Chapais,CA,49.7834,-74.8492,20.98,96,98,2.44,overcast clouds
249,Lasa,IT,46.6166,10.7002,49.08,97,98,4.85,overcast clouds
250,Puerto Narino,CO,-3.7703,-70.3831,81.88,79,99,2.33,moderate rain
251,Ugoofaaru,MV,5.6667,73.0,81.18,73,99,7.31,overcast clouds
252,Carutapera,BR,-1.195,-46.02,79.2,78,57,8.93,broken clouds
253,Roma,US,43.2128,-75.4557,39.38,78,100,11.5,light rain
254,Dakar,SN,14.6937,-17.4441,80.73,78,0,4.61,clear sky
255,Pointe Michel,DM,15.25,-61.3833,80.89,81,17,14.27,few clouds
256,Srandakan,ID,-7.9386,110.2506,76.3,90,100,2.1,overcast clouds
257,Vysokogornyy,RU,50.1167,139.15,6.1,98,30,2.39,scattered clouds
258,Nuuk,GL,64.1835,-51.7216,30.81,74,96,6.91,overcast clouds
259,Si Sa Ket,TH,14.8333,104.3333,73.74,84,89,4.63,overcast clouds
260,Phibun Mangsahan,TH,15.2447,105.2291,75.18,84,89,4.12,overcast clouds
261,Katsuura,JP,35.1333,140.3,59.58,62,42,19.55,scattered clouds
262,Mingshui,CN,36.7167,117.5,41.4,47,99,3.94,overcast clouds
263,Caravelas,BR,-17.7125,-39.2481,76.73,86,77,10.02,broken clouds
264,Joensuu,FI,62.6012,29.7632,28.89,100,20,4.61,few clouds
265,Flin Flon,CA,54.7682,-101.865,13.84,85,100,9.22,light snow
266,San Patricio,US,28.017,-97.5169,62.55,56,44,11.7,scattered clouds
267,Ginir,ET,7.1333,40.7,55.85,78,4,4.52,clear sky
268,Lahij,YE,13.1667,44.5833,71.17,73,0,3.44,clear sky
269,Neiafu,TO,-18.65,-173.9833,78.57,81,100,18.75,light rain
270,Cidreira,BR,-30.1811,-50.2056,67.86,96,100,18.75,overcast clouds
271,Berlevag,NO,70.8578,29.0864,33.8,80,0,13.8,clear sky
272,Sosnovo-Ozerskoye,RU,52.5249,111.5418,9.84,93,6,6.11,clear sky
273,Kruisfontein,ZA,-34.0033,24.7314,53.89,85,0,6.08,clear sky
274,Ndola,ZM,-12.9587,28.6366,62.08,96,42,2.73,light rain
275,Omegna,IT,45.8798,8.408,50.92,86,100,0.81,overcast clouds
276,Pochutla,MX,15.7432,-96.4661,87.62,69,56,5.48,broken clouds
277,Saint Anthony,US,45.0205,-93.218,29.66,57,100,4.61,overcast clouds
278,Corn Island,NI,12.1694,-83.0418,82.15,76,98,16.55,moderate rain
279,Shimoda,JP,34.6667,138.95,61.11,73,93,19.06,overcast clouds
280,Upernavik,GL,72.7868,-56.1549,21.56,75,100,8.23,overcast clouds
281,Severo-Kurilsk,RU,50.6789,156.125,31.06,88,100,27.49,snow
282,Maniitsoq,GL,65.4167,-52.9,31.14,65,59,22.3,broken clouds
283,Gazli,UZ,40.1333,63.45,45.75,61,76,16.91,broken clouds
284,Terme,TR,41.2092,36.9739,46.33,85,39,1.07,scattered clouds
285,Shu,KZ,43.5983,73.7614,38.55,51,91,3.85,overcast clouds
286,Puerto Del Rosario,ES,28.5004,-13.8627,71.35,33,0,3.44,clear sky
287,Tiksi,RU,71.6872,128.8694,-8.68,92,100,6.58,overcast clouds
288,Mbour,SN,14.422,-16.9638,76.05,58,100,9.22,overcast clouds
289,Alappuzha,IN,9.49,76.3264,77.0,94,100,7.4,overcast clouds
290,Alice Springs,AU,-23.7,133.8833,67.55,34,0,10.36,clear sky
291,Bentiu,SS,9.2333,29.8333,74.3,33,7,5.17,clear sky
292,Tuatapere,NZ,-46.1333,167.6833,62.19,62,58,3.78,broken clouds
293,Morden,CA,49.1919,-98.1014,18.09,86,100,5.75,overcast clouds
294,Mongu,ZM,-15.2484,23.1274,72.66,74,100,5.73,overcast clouds
295,Manzil Salim,TN,35.8567,8.4765,58.21,54,30,1.95,scattered clouds
296,Sao Jose Da Coroa Grande,BR,-8.8978,-35.1478,77.79,82,10,6.93,clear sky
297,Cabo San Lucas,MX,22.8909,-109.9124,82.62,66,73,10.58,broken clouds
298,Shirokiy,RU,49.758,129.523,6.03,96,100,3.53,overcast clouds
299,Seoul,KR,37.5683,126.9778,49.6,90,75,2.3,broken clouds
300,Bay-Khaak,RU,51.1667,94.5,18.57,89,100,1.83,overcast clouds
301,Rio Grande,BR,-32.035,-52.0986,69.91,96,100,20.04,light rain
302,Hong Gai,VN,20.956,107.0946,73.31,85,51,6.42,broken clouds
303,Revuca,SK,48.6835,20.1173,34.66,78,0,1.9,clear sky
304,Camacha,PT,33.0833,-16.3333,63.82,88,20,5.75,few clouds
305,Turukhansk,RU,65.8167,87.9833,-6.83,71,47,13.09,scattered clouds
306,Serenje,ZM,-13.2325,30.2352,62.51,91,77,1.59,light rain
307,Wanning,CN,18.8003,110.3967,76.53,88,93,5.64,overcast clouds
308,Joshimath,IN,30.5667,79.5667,51.13,64,100,3.22,overcast clouds
309,Belaya Gora,RU,68.5333,146.4167,-26.66,100,99,2.53,overcast clouds
310,Dzilam Gonzalez,MX,21.2833,-88.9333,81.05,65,0,8.19,clear sky
311,Tungor,RU,53.3808,142.9564,11.3,90,96,3.44,overcast clouds
312,Mangrol,IN,21.1167,70.1167,77.31,60,5,7.29,clear sky
313,Vila,PT,42.0304,-8.1588,48.7,93,100,4.54,light rain
314,Kaeo,NZ,-35.1,173.7833,71.33,66,2,2.59,clear sky
315,Kati,ML,12.7441,-8.0726,78.21,29,60,2.33,broken clouds
316,Kavaratti,IN,10.5669,72.642,80.17,78,99,3.69,overcast clouds
317,Bud,US,39.447,-86.1758,37.85,64,18,4.45,few clouds
318,Marawi,PH,7.9986,124.2928,67.84,94,65,1.25,broken clouds
319,Nyagan,RU,62.1406,65.3936,5.67,96,100,6.6,overcast clouds
320,Hede,CN,33.7681,120.2517,48.92,62,98,5.86,overcast clouds
321,Kiama,AU,-34.6833,150.8667,72.25,64,53,15.99,broken clouds
322,Derzhavinsk,KZ,51.1,66.3167,35.62,97,100,27.72,overcast clouds
323,Guanica,PR,17.9716,-66.908,82.92,82,95,3.8,overcast clouds
324,Makakilo City,US,21.3469,-158.0858,80.92,63,75,13.8,light rain
325,Chulym,RU,55.0997,80.9572,33.06,92,100,16.11,overcast clouds
326,Kudahuvadhoo,MV,2.6708,72.8944,80.49,78,100,14.38,heavy intensity rain
327,Constitucion,CL,-35.3333,-72.4167,60.1,71,4,9.04,clear sky
328,Naze,JP,28.3667,129.4833,67.12,76,89,14.25,overcast clouds
329,Statesboro,US,32.4488,-81.7832,58.8,41,40,8.05,scattered clouds
330,Kochubey,RU,44.3861,46.5825,51.96,64,79,23.64,broken clouds
331,Fort Frances,CA,48.5999,-93.4003,24.17,69,100,3.44,overcast clouds
332,Kurdzhinovo,RU,43.9884,40.9552,40.89,71,11,3.6,few clouds
333,Itapeva,BR,-23.9822,-48.8756,73.53,65,30,3.89,scattered clouds
334,Igarka,RU,67.4667,86.5833,-16.42,86,11,7.16,few clouds
335,Karla,EE,59.3723,24.9275,35.56,100,87,0.0,fog
336,Pokhara,NP,28.2333,83.9833,56.25,54,2,5.08,clear sky
337,Karasjok,NO,69.4719,25.5112,32.04,95,100,6.04,overcast clouds
338,Pedernales,DO,18.0384,-71.744,80.98,77,61,6.15,light rain
339,Cayenne,GF,4.9333,-52.3333,80.64,83,100,3.44,overcast clouds
340,Kodiak,US,57.79,-152.4072,40.51,75,100,16.11,light rain
341,Birin,NP,26.8865,88.0718,48.54,82,7,4.83,clear sky
342,Bintulu,MY,3.1667,113.0333,77.41,100,40,0.0,scattered clouds
343,Isagarh,IN,24.8333,77.8833,62.87,42,0,3.02,clear sky
344,Okha,RU,53.5739,142.9478,13.8,84,87,4.25,overcast clouds
345,Padang,ID,-0.9492,100.3543,74.41,98,100,2.28,moderate rain
346,Lamu,KE,-2.2717,40.902,79.02,83,78,10.33,broken clouds
347,Mino,JP,34.8269,135.4706,58.23,66,100,3.44,overcast clouds
348,Filingue,NE,14.3521,3.3168,82.33,18,50,9.71,scattered clouds
349,Labytnangi,RU,66.6572,66.4183,0.01,90,100,9.4,overcast clouds
350,Atherton,GB,53.5237,-2.4935,52.9,84,4,4.0,clear sky
351,Mogwase,ZA,-25.185,27.2665,67.41,77,3,4.07,clear sky
352,Twentynine Palms,US,34.1356,-116.0542,63.91,28,0,11.01,clear sky
353,Buraydah,SA,26.326,43.975,70.25,54,0,11.03,clear sky
354,Cerkezkoy,TR,41.285,28.0003,50.18,87,0,11.5,clear sky
355,Puerto Cabello,VE,10.4731,-68.0125,90.95,85,100,2.21,overcast clouds
356,Acarau,BR,-2.8856,-40.12,79.84,81,8,17.49,clear sky
357,Belmonte,BR,-15.8631,-38.8828,77.0,85,99,8.84,overcast clouds
358,Santa Cruz,BO,-17.8,-63.1667,89.65,55,40,18.41,scattered clouds
359,Mosquera,CO,4.7059,-74.2302,62.69,72,40,9.22,scattered clouds
360,Beaver Dam,US,43.4578,-88.8373,33.42,51,100,1.01,overcast clouds
361,Obidos,BR,-1.9175,-55.5181,85.42,53,26,3.76,scattered clouds
362,Vaitape,PF,-16.5167,-151.75,74.68,72,100,4.47,light rain
363,Touros,BR,-5.1989,-35.4608,79.18,78,12,14.25,few clouds
364,Bukachacha,RU,52.9833,116.9167,3.43,98,25,2.1,scattered clouds
365,Truth Or Consequences,US,33.1284,-107.2528,65.91,30,0,18.41,clear sky
366,Wegorzewo,PL,54.2157,21.7372,45.01,92,36,5.7,scattered clouds
367,Hasaki,JP,35.7333,140.8333,57.22,57,95,30.29,overcast clouds
368,Kachug,RU,53.9606,105.8817,17.78,93,98,2.17,overcast clouds
369,Fortuna,US,40.5982,-124.1573,56.93,74,0,3.44,clear sky
370,Saint-Pierre,RE,-21.3393,55.4781,71.28,94,100,14.97,overcast clouds
371,Kamaishi,JP,39.2667,141.8833,46.13,70,7,8.93,clear sky
372,Henties Bay,NA,-22.116,14.2845,58.46,93,1,6.4,clear sky
373,Byron Bay,AU,-28.65,153.6167,74.71,77,100,15.43,overcast clouds
374,Lazaro Cardenas,MX,17.9583,-102.2,82.63,73,15,6.08,few clouds
375,Umba,RU,66.6871,34.3429,28.49,90,36,4.85,scattered clouds
376,Tabou,CI,4.423,-7.3528,78.67,84,90,6.31,overcast clouds
377,Port Hardy,CA,50.6996,-127.4199,42.98,87,75,5.75,broken clouds
378,Usinsk,RU,65.9939,57.5281,9.68,95,100,9.01,light snow
379,Wad Madani,SD,14.4012,33.5199,77.65,24,0,15.3,clear sky
380,Chengdu,CN,30.6667,104.0667,53.49,82,0,4.47,clear sky
381,Abeche,TD,13.8292,20.8324,75.16,23,2,8.08,clear sky
382,Vila Velha,BR,-20.3297,-40.2925,76.95,89,20,19.57,few clouds
383,Biak,ID,-0.9131,122.8766,77.52,82,100,3.33,overcast clouds
384,Saint-Augustin,CA,51.226,-58.6502,27.46,60,87,1.72,overcast clouds
385,Sobolevo,RU,54.4299,31.8996,41.58,69,100,10.51,overcast clouds
386,Tucuman,AR,-26.8241,-65.2226,73.4,56,20,3.44,few clouds
387,Micheweni,TZ,-4.9667,39.8333,76.91,80,10,5.93,clear sky
388,Moose Factory,CA,51.2585,-80.6094,26.6,86,100,9.22,snow
389,Khani,GE,41.9563,42.9566,42.37,89,81,2.89,broken clouds
390,Mamit,IN,23.9333,92.4833,53.76,92,0,2.26,clear sky
391,Robore,BO,-18.3333,-59.75,90.57,39,96,7.0,overcast clouds
392,Natal,BR,-5.795,-35.2094,77.65,88,75,8.05,broken clouds
393,Matamoros,MX,25.5333,-103.25,75.31,32,0,0.0,clear sky
394,Nantucket,US,41.2835,-70.0995,53.65,92,100,26.89,overcast clouds
395,Muzhi,RU,65.3667,64.6667,-4.4,90,100,8.68,overcast clouds
396,Sorland,NO,67.667,12.6934,44.46,83,97,14.61,overcast clouds
397,Poum,NC,-20.2333,164.0167,76.21,81,76,8.7,broken clouds
398,Komsomolskiy,UZ,40.4272,71.7189,36.32,93,100,0.0,fog
399,San Juan,AR,-31.5375,-68.5364,74.57,24,14,12.24,few clouds
400,Minot,US,48.2325,-101.2963,17.78,73,100,6.91,overcast clouds
401,Catuday,PH,16.2923,119.8062,78.71,79,27,12.3,scattered clouds
402,Billings,US,45.7833,-108.5007,31.66,82,75,9.22,broken clouds
403,Wasilla,US,61.5814,-149.4394,42.35,73,100,21.85,overcast clouds
404,Hammerfest,NO,70.6634,23.6821,34.25,100,75,1.14,broken clouds
405,Santa Fe,AR,-31.6333,-60.7,72.01,75,51,15.01,broken clouds
406,Dalbandin,PK,28.8947,64.4101,59.34,62,47,4.74,scattered clouds
407,Lavrentiya,RU,65.5833,-171.0,15.13,69,1,5.73,clear sky
408,Urucara,BR,-2.5364,-57.76,88.63,46,100,4.16,overcast clouds
409,Vitim,RU,59.4511,112.5578,6.01,96,100,7.11,light snow
410,Port Shepstone,ZA,-30.7414,30.455,68.2,72,91,15.32,light rain
411,Pangnirtung,CA,66.1451,-65.7125,14.0,73,75,5.75,broken clouds
412,Ouadda,CF,8.0777,22.4007,69.85,37,8,4.41,clear sky
413,Sabha,LY,27.0377,14.4283,61.11,35,3,5.14,clear sky
414,Axim,GH,4.8699,-2.2405,78.39,83,100,5.77,overcast clouds
415,Glendive,US,47.1053,-104.7125,19.49,87,100,9.22,mist
416,Benguela,AO,-12.5763,13.4055,73.42,68,7,2.73,clear sky
417,Saint-Francois,FR,46.4154,3.9054,44.04,100,100,2.3,fog
418,Eureka,US,40.8021,-124.1637,57.2,83,0,5.01,clear sky
419,Edd,ER,13.9297,41.6925,82.2,59,0,14.38,clear sky
420,Ilulissat,GL,69.2167,-51.1,32.02,55,60,5.75,broken clouds
421,Clyde River,CA,70.4692,-68.5914,-1.97,84,100,14.97,overcast clouds
422,Deputatskiy,RU,69.3,139.9,-22.67,97,100,4.29,overcast clouds
423,Dubna,RU,56.7333,37.1667,35.31,69,97,13.35,overcast clouds
424,Victor Harbor,AU,-35.5667,138.6167,53.67,86,100,23.0,overcast clouds
425,Nabire,ID,-3.3667,135.4833,77.77,90,93,2.98,overcast clouds
426,Irsha,RU,55.9269,94.7911,33.96,85,100,19.15,overcast clouds
427,Nioro,GM,13.35,-15.75,78.31,44,99,5.08,overcast clouds
428,Jacareacanga,BR,-6.2222,-57.7528,87.48,45,27,1.86,scattered clouds
429,Luderitz,NA,-26.6481,15.1594,61.45,74,0,16.91,clear sky
430,Neepawa,CA,50.2289,-99.4664,16.2,88,100,5.95,overcast clouds
431,Sayaxche,GT,16.5167,-90.1667,81.3,70,24,2.39,few clouds
432,Condado,CU,21.8767,-79.8403,80.6,76,32,2.55,scattered clouds
433,Paka,MY,4.6374,103.4368,76.98,94,100,0.0,overcast clouds
434,Whitehorse,CA,60.7161,-135.0538,38.17,65,75,10.36,broken clouds
435,Sayyan,YE,15.1718,44.3244,50.92,39,0,4.83,clear sky
436,Hurup,DK,56.7494,8.4195,49.71,89,100,4.0,overcast clouds
437,Montrose,US,38.4166,-108.2673,37.45,37,44,6.35,scattered clouds
438,Kaitangata,NZ,-46.2817,169.8464,57.29,67,85,9.82,overcast clouds
439,Huarmey,PE,-10.0681,-78.1522,67.23,76,43,9.22,scattered clouds
440,Cankuzo,BI,-3.1333,30.5833,60.31,96,100,1.54,light rain
441,Lewisporte,CA,49.2499,-55.0482,31.71,92,93,1.05,overcast clouds
442,Tyrma,RU,50.0833,132.1667,6.51,97,92,1.01,overcast clouds
443,Caraballeda,VE,10.6112,-66.8522,84.27,70,100,1.14,overcast clouds
444,Chicama,PE,-7.8447,-79.1469,63.14,66,26,9.19,scattered clouds
445,Chernukha,RU,55.5974,43.7556,33.33,86,100,16.93,light snow
446,Atar,MR,20.5169,-13.0499,79.88,11,21,6.8,few clouds
447,Rabat,MA,33.9911,-6.8401,71.04,66,98,0.0,overcast clouds
448,Porto Novo,BJ,6.4965,2.6036,82.22,86,86,5.26,overcast clouds
449,Massakory,TD,12.996,15.7293,79.92,19,7,14.09,clear sky
450,Bykovo,RU,55.6361,38.0803,39.61,75,40,15.66,scattered clouds
451,Roald,NO,62.5833,6.1333,56.75,87,75,5.75,broken clouds
452,Adeje,ES,28.1227,-16.726,77.88,35,75,12.66,broken clouds
453,Bitung,ID,1.4451,125.1824,74.25,83,71,4.14,broken clouds
454,Ozuluama,MX,21.6667,-97.85,67.23,65,74,3.62,broken clouds
455,Saint Simons,US,31.1352,-81.3901,64.44,41,0,8.05,clear sky
456,Khuzhir,RU,53.1939,107.3397,31.57,65,74,11.12,broken clouds
457,Pontes E Lacerda,BR,-15.2261,-59.3353,88.83,41,75,5.01,broken clouds
458,Rabak,SD,13.1809,32.74,77.74,22,3,12.33,clear sky
459,Amapa,BR,1.0,-52.0,73.29,95,86,3.06,moderate rain
460,Margate,GB,51.3813,1.3862,53.91,90,35,3.0,scattered clouds
461,Zdvinsk,RU,54.7021,78.661,32.81,88,100,15.61,overcast clouds
462,Malakwal,PK,32.5536,73.2123,56.75,76,100,5.23,overcast clouds
463,Biggar,GB,55.6167,-3.5167,53.91,81,100,4.94,overcast clouds
464,Kristiinankaupunki,FI,62.2743,21.376,43.32,84,73,4.43,broken clouds
465,Mugur-Aksy,RU,50.35,90.5,10.27,83,93,6.6,overcast clouds
466,Oranjestad,AW,12.524,-70.027,81.91,83,100,1.99,overcast clouds
467,Canutama,BR,-6.5339,-64.3831,83.23,67,100,0.51,overcast clouds
468,Morant Bay,JM,17.8815,-76.4093,78.42,80,72,6.02,broken clouds
469,Jennings,US,38.7192,-90.2604,41.79,53,20,3.44,few clouds
470,Mocuba,MZ,-16.8392,36.9856,75.49,81,44,3.09,scattered clouds
471,Grand-Lahou,CI,5.1367,-5.0242,78.53,85,85,7.25,light rain
472,Yushan,CN,31.3776,120.9543,53.98,63,92,6.02,overcast clouds
473,Maralal,KE,1.0968,36.698,58.98,83,94,4.27,overcast clouds
474,Tigil,RU,57.8,158.6667,3.69,97,76,5.41,broken clouds
475,Copiapo,CL,-27.3667,-70.3333,65.89,29,0,7.0,clear sky
476,Almazar,UZ,40.3217,69.0106,44.26,52,11,4.25,few clouds
477,Vao,NC,-22.6667,167.4833,74.5,78,8,14.81,clear sky
478,Broome,US,42.2506,-75.833,39.09,81,100,6.91,overcast clouds
479,Pedraza,CO,10.1874,-74.915,77.56,89,100,2.68,overcast clouds
480,Dukat,RU,62.55,155.55,-9.31,75,10,6.53,clear sky
481,Dali,CN,25.7,100.1833,47.16,87,6,2.86,clear sky
482,Shubarkuduk,KZ,49.1447,56.4872,38.5,89,98,25.46,overcast clouds
483,Havre,FR,49.5833,0.3333,49.77,100,100,8.05,fog
484,Isangel,VU,-19.55,169.2667,78.91,89,75,0.0,broken clouds
485,Buzmeyin,TM,38.0507,58.2056,42.53,75,10,4.61,clear sky
486,The Valley,AI,18.217,-63.0578,84.06,89,40,14.97,scattered clouds
487,Humaita,BR,-7.5061,-63.0208,85.93,57,87,3.06,overcast clouds
488,At-Bashi,KG,41.1702,75.8106,15.89,76,84,3.22,broken clouds
489,Walvis Bay,NA,-22.9575,14.5053,60.1,82,0,8.05,clear sky
490,Pauini,BR,-7.7136,-66.9764,87.12,54,74,3.76,light rain
491,Arroyo,ES,41.6096,-4.7969,54.59,77,0,6.91,clear sky
492,Mizdah,LY,31.4451,12.9801,57.99,46,4,1.61,clear sky
493,Prince Rupert,CA,54.3161,-130.3201,46.49,83,100,14.97,overcast clouds
494,Zaykovo,RU,57.5613,62.7568,32.05,97,100,11.48,snow
495,Sola,VU,-13.8833,167.55,84.87,74,20,0.0,few clouds
496,Buala,SB,-8.145,159.5921,83.35,67,67,3.58,broken clouds
497,Imbituba,BR,-28.24,-48.6703,70.56,88,100,17.85,light rain
498,Yarmouth,US,41.7057,-70.2286,52.0,95,100,24.0,overcast clouds
499,Shemursha,RU,54.8866,47.5189,34.45,96,100,21.27,light snow
500,Bowen,AU,-20.0167,148.2333,78.42,67,93,6.89,overcast clouds
501,Santiago Del Estero,AR,-27.7951,-64.2615,78.71,37,8,14.14,clear sky
502,Pinega,RU,64.7001,43.3936,27.46,90,65,8.43,broken clouds
503,Puerto Baquerizo Moreno,EC,-0.9,-89.6,72.59,83,75,11.5,broken clouds
504,Nanakuli,US,21.3906,-158.1547,82.35,57,75,13.8,broken clouds
505,Crixas,BR,-14.5489,-49.9692,83.89,47,67,4.56,broken clouds
506,Ardmore,US,34.1743,-97.1436,52.66,37,0,9.22,clear sky
507,Lafia,NG,8.4833,8.5167,77.94,35,89,2.66,overcast clouds
508,Muros,ES,42.7762,-9.0603,55.69,93,99,14.83,overcast clouds
509,Grand Gaube,MU,-20.0064,57.6608,70.38,71,0,1.01,clear sky
510,Lockhart,US,28.6194,-81.4426,75.18,90,100,14.97,overcast clouds
511,Honningsvag,NO,70.9821,25.9704,37.15,81,75,4.61,broken clouds
512,Price,US,39.5994,-110.8107,45.66,31,0,0.0,clear sky
513,Baculongan,PH,16.8,120.8333,58.24,94,35,4.07,scattered clouds
514,Hambantota,LK,6.1241,81.1185,73.74,100,75,1.14,moderate rain
515,Bilibino,RU,68.0546,166.4372,-8.63,95,100,3.65,overcast clouds
516,Hovd,MN,48.0056,91.6419,25.43,51,82,5.14,broken clouds
517,Ancud,CL,-41.8697,-73.8203,53.47,85,83,16.35,broken clouds
518,Krasnoselkup,RU,65.7,82.4667,-13.63,87,5,10.09,clear sky
519,Mount Gambier,AU,-37.8333,140.7667,57.11,88,100,17.27,overcast clouds
520,Tilichiki,RU,60.4667,166.1,19.42,96,100,7.16,snow
521,Bhor,IN,18.1667,73.85,65.53,65,3,5.32,clear sky
522,Roebourne,AU,-20.7833,117.1333,74.86,60,0,7.0,light rain
523,New Waterford,US,40.8451,-80.6145,37.67,61,100,10.29,overcast clouds
524,Coahuayana,MX,18.7333,-103.6833,83.61,68,34,5.68,scattered clouds
525,Fuxin,CN,42.0156,121.6589,31.62,58,0,5.23,clear sky
526,Drovyanaya,RU,51.5833,113.0333,2.97,98,27,2.33,scattered clouds
527,Manga,BF,11.6636,-1.0731,86.14,32,92,0.74,overcast clouds
528,Avera,US,33.194,-82.5271,55.45,38,3,8.19,clear sky
529,Lata,PT,40.1629,-8.3327,65.8,93,98,5.84,overcast clouds
530,Matam,SN,15.6175,-13.3303,82.4,42,0,2.3,clear sky
531,Haysyn,UA,48.8114,29.3898,42.85,94,78,6.38,broken clouds
532,Benito Juarez,MX,19.385,-99.165,76.84,25,25,8.99,scattered clouds
533,Portsmouth,GB,50.799,-1.0913,57.02,96,32,1.99,scattered clouds
534,Fort Nelson,CA,58.8053,-122.7002,35.94,63,20,3.0,few clouds
535,Turbat,PK,26.0023,63.044,76.82,37,1,9.13,clear sky
536,Moses Lake,US,47.1301,-119.2781,36.28,69,0,11.5,clear sky
537,Abu Kamal,SY,34.4506,40.9171,62.91,41,0,1.77,clear sky
538,Novyy Svit,UA,47.8059,38.0211,44.94,76,99,12.48,overcast clouds
539,Damghan,IR,36.1683,54.348,45.25,53,0,0.22,clear sky
540,Barcelos,PT,41.5388,-8.6151,60.91,96,100,2.82,overcast clouds
541,Birsk,RU,55.4211,55.5428,30.79,94,100,18.48,light snow
542,Kargopol,RU,61.5071,38.9456,28.8,79,12,8.88,few clouds
543,Srednekolymsk,RU,67.45,153.6833,-21.73,95,96,2.84,overcast clouds
544,Karratha,AU,-20.7377,116.8463,75.45,51,0,3.76,light rain
545,Himmaste,EE,58.0878,27.0909,35.62,95,62,3.13,broken clouds
546,Inverell,AU,-29.7833,151.1167,66.67,97,100,8.01,overcast clouds
547,Paragominas,BR,-2.9667,-47.4833,78.39,81,80,3.71,broken clouds
548,Iqaluit,CA,63.7506,-68.5145,20.93,86,100,8.05,light snow
549,Do Gonbadan,IR,30.3586,50.7981,55.49,88,0,0.0,clear sky
550,Senno,RU,59.5336,33.9167,30.25,84,10,6.35,clear sky
551,Khash,IR,28.2211,61.2158,54.66,56,19,2.95,few clouds
552,Ippy,CF,6.2679,21.2247,70.27,57,34,3.31,scattered clouds
553,Vestmannaeyjar,IS,63.4427,-20.2734,45.9,93,100,5.7,light rain
554,Ciudad Bolivar,VE,8.1222,-63.5497,82.6,72,76,8.39,broken clouds
555,Zhanaozen,KZ,43.3,52.8,47.8,77,100,23.13,overcast clouds
556,Chivilcoy,AR,-34.8957,-60.0167,61.86,98,100,8.3,overcast clouds
557,Faanui,PF,-16.4833,-151.75,74.97,71,100,4.7,overcast clouds
558,Boca Do Acre,BR,-8.7522,-67.3978,87.73,48,100,0.58,overcast clouds
559,Petropavl,KZ,54.8753,69.1628,32.86,99,100,15.19,snow
560,Fort Saint James,CA,54.4333,-124.25,32.45,79,33,0.72,scattered clouds
561,Meulaboh,ID,4.1363,96.1285,73.94,93,100,2.57,overcast clouds
562,Jinchang,CN,38.4953,102.1739,33.64,46,74,3.27,broken clouds
563,Thunder Bay,CA,48.4001,-89.3168,26.58,63,100,6.91,overcast clouds
564,Skjervoy,NO,70.0311,20.9714,33.8,79,97,13.98,overcast clouds
565,Sulangan,PH,11.1373,123.7228,81.86,82,95,13.51,overcast clouds
566,Cairns,AU,-16.9167,145.7667,79.11,77,40,1.14,scattered clouds
567,Icatu,BR,-2.7758,-44.0658,84.63,82,65,7.34,light rain
568,Panzhihua,CN,26.5851,101.7128,52.92,85,7,1.59,clear sky
569,Tanete,ID,-3.9443,119.7848,75.18,94,100,1.9,light rain
570,Rapid Valley,US,44.0625,-103.1463,32.76,58,20,26.46,few clouds
571,Gerash,IR,27.6652,54.1371,59.14,52,0,5.99,clear sky
572,Grindavik,IS,63.8424,-22.4338,49.95,100,100,8.05,moderate rain
573,Tabatinga,BR,-4.2525,-69.9381,80.69,89,40,12.66,scattered clouds
574,Rjukan,NO,59.8789,8.5941,47.05,86,100,1.81,overcast clouds
575,Havre-Saint-Pierre,CA,50.2334,-63.5986,28.4,74,100,10.36,light snow
576,Emerald,AU,-23.5333,148.1667,74.34,67,92,10.0,overcast clouds
577,Singaraja,ID,-8.112,115.0882,80.19,83,99,1.63,overcast clouds
578,Udala,ES,43.0778,-2.5125,60.06,79,98,7.0,overcast clouds
579,Kirillov,RU,59.863,38.3813,28.83,68,76,11.07,broken clouds
580,Juneau,US,58.3019,-134.4197,45.21,100,100,6.08,light rain
581,Bathurst,AU,-33.4166,149.5806,62.96,71,60,5.01,broken clouds
582,Taksimo,RU,56.3444,114.8794,3.07,90,84,0.83,broken clouds
583,Ambilobe,MG,-13.2,49.05,72.21,86,0,3.83,clear sky
584,Diamantino,BR,-14.4086,-56.4461,81.93,57,88,3.18,overcast clouds
585,Olafsvik,IS,64.8945,-23.7142,48.15,86,100,20.22,light rain
586,Pemangkat,ID,1.1667,108.9667,78.01,86,100,2.77,overcast clouds
587,Poltavka,RU,54.3663,71.7632,32.67,96,100,19.64,light snow
588,Salcedo,PH,12.8105,121.4674,77.32,90,99,7.47,overcast clouds
589,Orichi,RU,58.4036,49.0572,28.38,83,100,16.55,overcast clouds
590,Colombo,LK,6.9319,79.8478,75.15,88,98,3.94,overcast clouds
591,Nuqui,CO,5.7125,-77.2708,76.8,90,100,6.89,light rain
592,Majene,ID,-3.5403,118.9707,78.49,84,100,3.06,overcast clouds
593,Boundiali,CI,9.5217,-6.4869,72.46,82,21,5.01,light rain
594,Itabira,BR,-19.6192,-43.2269,72.21,74,97,2.84,overcast clouds
595,Staryy Saltiv,UA,50.0827,36.7939,42.06,73,76,13.18,broken clouds
596,Kargil,IN,34.5667,76.1,24.01,93,100,0.92,snow
597,Evensk,RU,61.95,159.2333,7.14,94,90,7.54,overcast clouds
598,Iskateley,RU,67.6803,53.1512,21.0,87,99,19.53,overcast clouds
599,Ashington,GB,50.9331,-0.3909,54.43,90,48,7.09,scattered clouds
600,Los Llanos De Aridane,ES,28.6585,-17.9182,69.12,66,0,10.36,clear sky
601,Tautira,PF,-17.7333,-149.15,76.05,79,100,1.07,overcast clouds
602,Santiago,CL,-33.4569,-70.6483,75.54,30,0,14.97,clear sky
603,Orocue,CO,4.7912,-71.3354,82.06,76,100,4.88,overcast clouds
604,Inta,RU,66.0317,60.1659,13.59,96,100,2.91,light snow
605,Lebedyn,UA,50.5852,34.4849,40.23,84,71,9.69,broken clouds
606,Birao,CF,10.2849,22.7882,73.58,28,0,5.75,clear sky
607,Aljojuca,MX,19.1,-97.5167,64.67,50,11,8.75,few clouds
608,Nishihara,JP,26.1842,127.7558,72.68,73,40,17.27,scattered clouds
609,Huaquechula,MX,18.7667,-98.55,77.4,43,16,5.39,few clouds
610,Port Hedland,AU,-20.3167,118.5667,69.85,100,100,6.91,overcast clouds
611,Okhotsk,RU,59.3833,143.3,5.67,79,38,10.27,scattered clouds
612,Keelung,TW,25.1283,121.7419,74.57,88,100,14.72,overcast clouds
613,Tucurui,BR,-3.7661,-49.6725,82.89,65,69,2.06,broken clouds
614,Bathsheba,BB,13.2167,-59.5167,79.41,89,75,19.57,broken clouds
615,Povenets,RU,62.8487,34.8262,31.48,82,9,7.76,clear sky
616,Mouila,GA,-1.8685,11.0559,73.13,98,100,1.41,light rain
617,Saint-Georges,GD,12.0564,-61.7485,83.88,79,20,16.11,few clouds
618,Kuching,MY,1.55,110.3333,75.42,94,20,1.14,few clouds
619,Iset,RU,56.9779,60.3718,31.62,97,100,14.14,snow
620,Brae,GB,60.3964,-1.353,53.35,90,86,21.32,overcast clouds
621,Arucas,ES,28.1198,-15.5233,78.82,51,100,3.22,overcast clouds
622,Sambava,MG,-14.2667,50.1667,71.83,89,58,8.68,broken clouds
623,Owando,CG,-0.4819,15.8999,70.83,96,100,1.7,overcast clouds
624,Pisco,PE,-13.7,-76.2167,68.05,73,100,6.91,overcast clouds
625,Dergachi,RU,51.2328,48.7659,40.32,65,77,23.78,broken clouds
626,Hobyo,SO,5.3505,48.5268,80.38,73,18,12.93,few clouds
627,Sirjan,IR,29.452,55.6814,54.84,56,34,5.19,scattered clouds
628,Mopti,ML,14.6667,-4.0,84.24,58,0,4.61,clear sky
629,Haapiti,PF,-17.5667,-149.8667,78.53,76,100,3.58,light rain
630,Rincon De La Victoria,ES,36.7172,-4.2758,65.84,80,26,3.47,scattered clouds
631,Ewa Beach,US,21.3156,-158.0072,82.35,63,75,13.8,light rain
632,Petropavlovsk-Kamchatskiy,RU,53.0452,158.6483,12.79,67,0,4.47,clear sky
633,Pimentel,PE,-6.8367,-79.9342,70.09,64,20,17.27,few clouds
634,Harboore,DK,56.6175,8.1807,49.14,89,98,14.67,overcast clouds
635,Sao Felix Do Xingu,BR,-6.6447,-51.995,80.83,63,67,2.48,broken clouds
636,Matay,EG,28.419,30.7792,66.67,55,0,9.62,clear sky
637,Kushima,JP,31.4583,131.2333,58.89,86,5,2.42,clear sky
638,Bollnas,SE,61.3482,16.3946,44.1,80,97,1.43,overcast clouds
639,Thinadhoo,MV,0.5333,72.9333,81.72,73,96,15.84,overcast clouds
640,Miles City,US,46.4083,-105.8406,22.17,100,100,12.66,mist
641,Dalby,AU,-27.1833,151.2667,68.99,77,84,5.01,broken clouds
642,Zhangye,CN,38.9342,100.4517,28.83,52,0,1.95,clear sky
643,Krasnyy Chikoy,RU,50.3643,108.7512,1.15,98,46,1.45,scattered clouds
644,Galich,RU,58.3797,42.3475,28.45,77,100,14.88,overcast clouds
645,Kenai,US,60.5544,-151.2583,35.69,98,100,25.32,light snow
646,Belyy Yar,RU,53.6039,91.3903,37.29,68,0,15.66,clear sky
647,Minsk,BY,53.9,27.5667,37.15,87,15,6.06,few clouds
648,Mayo,US,38.8876,-76.5119,47.1,51,40,17.27,scattered clouds
649,Zabid,YE,14.1951,43.3152,78.55,66,0,6.13,clear sky
650,Atbasar,KZ,51.8,68.3333,32.79,98,100,23.6,snow
651,Phalaborwa,ZA,-23.943,31.1411,68.63,82,96,12.97,overcast clouds
652,Sefophe,BW,-22.1833,27.9667,70.5,81,11,6.87,few clouds
653,Bonthe,SL,7.5264,-12.505,78.93,81,80,4.54,broken clouds
654,Leshukonskoye,RU,64.8989,45.7622,22.1,88,71,8.08,broken clouds
655,Huanren,CN,41.2647,125.3667,29.44,61,87,0.76,overcast clouds
656,Jinxi,CN,30.4323,116.2922,51.96,68,84,4.59,broken clouds
657,Keetmanshoop,NA,-26.5833,18.1333,68.52,18,0,7.23,clear sky
658,Iztapa,GT,13.9333,-90.7075,87.85,66,20,11.5,few clouds
659,Kokkola,FI,63.8385,23.1307,30.36,100,100,4.61,fog
660,Pocone,BR,-16.2567,-56.6228,86.88,45,75,4.65,moderate rain
661,La Ronge,CA,55.1001,-105.2842,17.85,86,100,6.91,light snow
662,Port Macquarie,AU,-31.4333,152.9167,68.59,89,100,11.9,overcast clouds
663,Dicabisagan,PH,17.0818,122.4157,77.67,90,76,4.05,broken clouds
664,Bridgetown,BB,13.1,-59.6167,79.29,89,75,19.57,broken clouds
665,Pitimbu,BR,-7.4706,-34.8086,81.19,80,12,9.93,few clouds
666,Vila Franca Do Campo,PT,37.7167,-25.4333,61.21,80,100,8.55,overcast clouds
667,Shubarshi,KZ,48.5872,57.1869,39.88,83,93,22.84,overcast clouds
668,Foso,GH,5.7012,-1.2866,72.82,96,87,3.15,overcast clouds
669,Kaohsiung,TW,22.6163,120.3133,76.03,90,20,2.3,few clouds
670,Kapfenberg,AT,47.454,15.2702,44.42,98,33,1.77,scattered clouds
671,Griffith,US,41.5284,-87.4237,37.09,56,0,6.91,clear sky
672,Wobulenzi,UG,0.7283,32.5122,63.75,99,100,2.28,overcast clouds
673,Nova Odesa,UA,47.3078,31.7851,44.42,90,25,7.2,scattered clouds
674,Chiochis,RO,46.9833,24.1833,35.22,75,7,1.63,clear sky
675,Bocas Del Toro,PA,9.3333,-82.25,76.66,91,100,9.1,moderate rain
676,Sicuani,PE,-14.2694,-71.2261,66.09,7,59,3.2,broken clouds
677,Rosarito,MX,32.3333,-117.0333,66.47,61,86,1.7,overcast clouds
678,Silleda,ES,42.696,-8.2465,50.34,97,100,3.71,overcast clouds
679,Puerto Cabezas,NI,14.0351,-83.3888,85.96,70,40,11.5,scattered clouds
